SLIMANI, Anthony, 07 65 95 86 31, anthonyslimani@orange.fr,
DUBOIS, Théophile, 07 65 95 86 31, theophileda@hotmail.fr,
BERIOT, Corentin, 07 65 95 86 31, corentin.beriot@laposte.net,
DUBESLI, Anthéco, 07 65 95 86 31, user3@email.fr,
Arnoux, Eugène , 07 65 95 86 31, onulowif-5391@yopmail.com,
Lanctot, David , 07 85 42 15 32, bittukogupa-1315@yopmail.com,
Berthelette, Cammile, 07 62 54 85 32, alagoffin-9510@yopmail.com,
Dutour, Greg, 07 12 47 56 35, meguramoffa-4743@yopmail.com,
Lafond, Artus , 07 96 81 45 32, egoqodum-1988@yopmail.com,
Chrétien, Luc , 06 58 48 35 70, aqyttelu-8846@yopmail.com,
DuLin, Emmanuel , 06 45 91 35 48, xagumosedde-6638@yopmail.com,
Franchet, Victor , 06 49 51 85 72, cappettuffej-8032@yopmail.com,
Pouliotte, Jacques , 06 23 54 96 55, mirryhaqawe-3358@yopmail.com,
Garreau, Sébastien , 07 65 22 88 45, wellawuxif-7505@yopmail.com,
Lejeune, Germain , 06 45 85 74 65, duganilib-8827@yopmail.com,
Potvin, Auda , 06 32 54 58 21, egeffittec-8179@yopmail.com,
Dostie, Jeoffroi , 07 58 65 23 54, duqicarenne-5546@yopmail.com,
Beauchemin, Thomas , 06 32 59 68 84, udotisave-8681@yopmail.com,
Boucher, Danielle , 06 48 75 12 95, niffannejom-5139@yopmail.com,
Benoit, Agate , 07 48 54 12 36, cugessummaff-1123@yopmail.com,
Austin, Carole , 06 99 58 51 42, cugessummaff-1123@yopmail.com,
Dubé, Sébastien , 06 48 51 23 48, nutorizip-2245@yopmail.com,
Lacasse, Henri, 06 14 89 54 51, jappenohaz-3023@yopmail.com,
Fortin, Manon , 06 84 25 61 87, acilehuxo-2976@yopmail.com,
Archambault, Thierry , 06 15 48 23 22, nehexavunn-9385@yopmail.com,
Cantin, René , 07 94 83 53 21, sareffaca-5795@yopmail.com,
Deschênes, Benjamin , 07 88 95 63 24, hogemilej-9979@yopmail.com,
Viens, Hugh , 06 84 95 25 14, vikeqalom-0940@yopmail.com,
Pinneau, Olivier, 06 12 54 83 59, usyssutteka-8298@yopmail.com,
Boncoeur, Louis , 07 48 51 26 59, yffaffuwa-3682@yopmail.com,
Grenier, Geoffrey , 07 94 85 32 62, arriveffirr-7836@yopmail.com,
Gaillou, Arnaud , 06 86 95 34 85, bawumahen-2953@yopmail.com,
Flamand, Alfred, 06 84 98 91 75, gelyssiddal-4423@yopmail.com,
Abril, Benoît , 07 95 64 85 15, ozyguxih-9517@yopmail.com,
Guay, Francis , 06 95 84 35 84, uwyledde-3718@yopmail.com,
Huppé, Claude, 07 43 58 69 51, boffedessyl-6333@yopmail.com,
Beaudry, Jeoffroi , 06 98 75 84 62, rinattulluni-7255@yopmail.com,
Terry, Gilles , 07 30 12 00 13, amerruvo-8885@yopmail.com,
René, Javier , 06 85 49 96 33, cimissassyk-9640@yopmail.com,
Lecomte, Chloe, 06 85 49 96 33, g@hotmail.fr,
